usuario,contraseña,nombre,apellido
admin,1234,samuel,flores
samu,2345,samuel,naranjo
rica,3456,ricardo,flores
Josefina19,hola,josselyn,Flores
cristal99,Jau2RJtBRnl,Elvira,Almaraz
balderasasuncion,mTSHf6&pWkL,Ofelia,Lira
alicia03,UyifDLkDmWJ6,María Teresa,Ávila
marquezangel,OB@Y6sHrF,Yuridia,Gamboa
esperanzagaitan,&H2ZUCr$@lgo,Patricio,Villa
walonzo,u2iXW7^Gb,Oswaldo,Romero
gabriel75,&IRoL3u6,Óscar,Casas
maria-del-carmenbarraza,H#w#nM#z,Ofelia,Cornejo
cristobalcarvajal,Vu*^aP!co,Pamela,Vargas
urubio,8vH^2B*zN,Karina,Reyes
carvajalvioleta,V4%5pFCiRcD,Arcelia,Garza
melendezreynaldo,B*q8F80ymm3,Jorge Luis,Mesa
fernando63,207gmhZRnF,Diego,Quiroz
juliocrespo,y&5r2xJ7F,Noelia,Alemán
jorge-luis01,4mg*blEv,Serafín,Acuña
renteriajose,!9BZhvWaXH6,Daniela,Domínguez
pelayodaniela,2!tyLBh*hO,Enrique,Campos
gabrielurrutia,g9#^uh$k,Celia,Salgado
armando30,iiEZpFfk1,Jorge,Rendón
anabelvasquez,%OHAOEHYqM6O,Abraham,Pabón
blancasoria,b6mj&B#H,Ofelia,Rocha
fjurado,SiFVKu4*M,Luisa,Almanza
roberto44,^bMnrHontIKA,Mauro,Salcedo
yolanda00,AH#!Ggl2Jf,Horacio,Terán
rendonaraceli,QqHu42bo,Pamela,Rael
alfonsomireles,t*eVs3qf,Serafín,Olivo
reynosodebora,UfTAFnT0tE,Adán,Cotto
vybarra,w0dwQ0FIu,Liliana,Marroquín
rarteaga,We8Cz6SN,Estela,Hurtado
leonelbarrientos,CdyZQJiJS,Esperanza,Estrada
plongoria,Z&QdoHwHen3S,Samuel,Rangel
jaquelinemascarenas,3$oXyGf3a%,Débora,Varela
cecilia98,zU3iQOpM#N0P,Daniela,Tijerina
saldanahomero,Lqy1WwMZaMK,Anel,Tejada
alicia21,3P744B$8v,Pablo,Carrera
francisco-javiervalenzuela,K$QlENCz,Diego,Lugo
evaalonzo,dfF8j61yX,Francisco,Gamez
lcuellar,ZFsan2Cw%7g,Elena,Lira
ecintron,Fp6r7^O4#25u,Angélica,Alva
mirandamaximiliano,5HFJ%!EJ4jK,Florencia,Camacho
fabiolavalles,IQO*krtDX,Hilda,Alcántar
maria67,Bi10Q*71h,Abelardo,Burgos
timoteo00,1XcW9aTMX,Genaro,Hinojosa
rochasantiago,&*C!CI3!dXR,Francisco Javier,Colunga
miriamcordero,v7q&dYdk2r7,Beatriz,Negrete
khinojosa,gHWPB6PRW,Clara,Palacios
humberto22,1Gk8c*gSCi,Tania,Mesa
modestocarrillo,dFzctEq8,Cristian,Lucio
abelnavarrete,B7GVvouN,Andrea,de la Fuente
ktijerina,dNWYzjFn,Adela,Briseño
nataliavalles,pfS&2Vi#Rb,Iván,Anguiano
margarita38,!n3U6t3w%I&,Lorenzo,Grijalva
eugenia19,73IPFlJ5F7W,Gustavo,Rodríquez
aldosantillan,d@Px!BTHRJ,Miguel,Lugo
corraljose-eduardo,Jb%ykE0!E8!5,Abigail,Meraz
benavidesrocio,lLCZFNV8,Catalina,Gracia
maria-del-carmenmatias,^S2QT6INGDpy,Nancy,Avilés
mcaban,p&xyB9J^Km,Isabel,Colunga
venegasdolores,LDUwMb&qJ,Abelardo,Negrón
wcampos,gLq!nbK8,Amalia,Urías
carolinamejia,4RxgG9oiZ!j,Nayeli,Candelaria
alfonsoduarte,gttMkFp1C%W5,David,Zavala
gparedes,M2NhmABHkuE,María del Carmen,Samaniego
pabonminerva,jua058LeD,Alberto,Valverde
oliviamelgar,K6jDHz2o*C,Clara,Lucero
halcantar,IsjhvNK4p,Celia,Caballero
fridacanales,MZI#*@4kf3P,Alfonso,Maya
banuelossara,GdlDcIfw8%4J,Genaro,del Valle
bpuente,3!l8S0QPn,Ana,Carrillo
ngaribay,Q0@KZe6lO,Nadia,Verduzco
mauro58,PoZ$a*70gy,Marco Antonio,Rojas
scamacho,U@4gAIqK4!pd,Eugenia,Ocasio
jeronimoarreola,EuNb0lCo7pt@,Yolanda,Gamez
zarce,$I198F6sXy,Francisca,Burgos
tcintron,$riJ1R#IaKM!,Ana,Olivas
fnegrete,5&9SQ*W6P,José Emilio,Rodrígez
ssanabria,EXD0fO8WX,Francisco,Contreras
roblesfrancisco,@eq#Qm4m^,Carolina,Cadena
mpatino,bs0tj8HRYkQ,Raúl,Caraballo
reynaldosoto,WO!*eiEKDl3m,Vicente,Gastélum
isabela15,4vMdfPhL,Abril,Henríquez
alejandramuro,V3sF^0xvwk,Diana,Ontiveros
camila85,WE@sD7G6Gb7K,Claudio,Cruz
bcorrea,uj4SM2G6MzX9,Enrique,Montalvo
gabriel73,EWTLLcYJ,Víctor,Manzanares
lourdesiglesias,g@KDTCyG,Aida,Zamudio
marianocasillas,mfN4eUqlL,María Elena,Castañeda
asunciondominguez,1wzq*U^#Iv,Armando,Nava
tpantoja,9LRo7jsCYU,Julia,Ocasio
herreracristina,YbH&p6VH,Berta,Alonzo
avilesrufino,WVnD8dPCi7M0,Alta  Gracia,Juárez
porrasrocio,rfeM@omE,Rolando,Cantú
marisela33,rX6V*1t1m!0J,Anel,Terán
georgina06,VB44EUmV,Dulce María,Mejía
agustinurbina,ThYJyp6lBcgQ,Felipe,Ponce
dgamboa,qAiABDQsa,Mayte,Vásquez
marisolcastellanos,sq*GwodqbT,Beatriz,Herrera
roqueamanda,PcwHgq1^o,Pamela,Carreón
ernestocandelaria,85U$n5#C,Rodolfo,Núñez
jose-mariarobles,f%M6dh9Z2n!4,Natalia,Frías
marco-antoniomarin,kPsiqJPW,Vicente,Alba
lorenafuentes,^L6#3moB35D0,Ángela,Olmos
ygaona,6Z1mO2OGVt,Gustavo,Jimínez
benjaminmaldonado,ilkl3mVqhQp,Yeni,Adame
olemus,T2gKNTn#Bt9,Mauro,Caraballo
zde-la-cruz,nSVoJC2dI,Óscar,Porras
montalvomaria,xINRSaxs,Andrea,Escamilla
mayte62,Zisdl^BW16Ru,Jos,Segura
quinteroteresa,NPkgtugkI4,Perla,Lira
gilbertogrijalva,!41IB$oS3oK,María Eugenia,Carrera
ana39,!^NfCYhaAMBr,Rolando,Villaseñor
silviadelgado,LPpa@3wqW&,Aurora,Pedroza
adalberto01,#TjYf3c6j,Wilfrido,Nazario
corneliocuriel,2Z1LoZcPv6,Abraham,Zamora
judithbarreto,l3nF3Z^kYN,Mario,de la Fuente
ernestocarrion,CQvj$o^$yS,Elsa,Medina
garaydebora,sEnsGzwtjw,Nelly,Patiño
guillermina93,75POt4i84MJ,Evelio,Ceballos
floresdavid,hT#jN75ehVKj,Óliver,Guevara
ricardoaltamirano,#X7f5yP8,Camila,Niño
rosalia60,th5nRk#wfF44,Felipe,Portillo
pedroamaya,%uUVKX0RgQiQ,Eloisa,Acosta
zsanchez,XKGtQksS,Gregorio,Acuña
amador56,YqkNWQq^l2,Ricardo,Gurule
rolandoarce,UcUNxBR!yCrt,Noemí,Apodaca
umadrigal,Lm#*^eRq,Esmeralda,Garza
arredondosara,Wtuxv4f0UE4K,Sergio,Nava
felizondo,D&EN8yV47KW,Anel,Durán
lucasnava,^1uzrGg9Vn%p,Germán,Gálvez
elsa57,kuI5$s3lC5,Reina,Tirado
espinosaalvaro,d1gY#VEXkV,Humberto,Orozco
ursularosario,dOmQsreK8,Florencia,Bonilla
rvillalobos,85akcGBt^,Carlos,Zaragoza
dvazquez,oKEMpgE16io,Guillermina,Altamirano
bvargas,&c$EsL2aTE1,Úrsula,Mateo
reyesmaria-elena,k^Ui^*##c,María Eugenia,Cortés
cecilia40,8fXVGcTiSEn,Amelia,Cortez
cbaeza,QrfT*Rw79xri,Marisol,Armenta
deliasaucedo,eLzfzfON$Y*,María Elena,Corral
estela43,GeyKTgQIpV3,Esteban,Castro
aterrazas,4XRx@@V%Ik2,Santiago,Sanches
vortega,3x*LPnkP,Modesto,Rosado
salcidorolando,N52v4S5fT3,Ivonne,Munguía
puenteomar,hjZU$uds4e,Cornelio,de la Fuente
ojedaabel,iEUUXet5V,Virginia,Maldonado
moracarmen,4jr^UYOJFo,Karla,Quintanilla
nellymaldonado,x@%XpHH5,Dulce María,Longoria
natividadsisneros,K!zprj5w4,Sara,Iglesias
ramonponce,OSi*LMuw,Mario,Nieto
manzanaressergio,$CpzrE@dUV,Martín,Chavarría
utrevino,qliNY9^00jq,Yolanda,Valadez
noelia45,j57%Sqxq3#,Julio César,Gil
aldonza08,p%tMvuPC,Antonio,Padilla
espinalfernando,%KkGzJqM&l,Juana,Ontiveros
mnarvaez,vtvRfdkfHA1d,Isaac,Duarte
estherbarraza,*LM9FZM6jhu,Renato,Saavedra
fsaucedo,197ARsOOSZq,Bruno,Valenzuela
enriquezgeronimo,$nOE7pI5Fs,Conchita,Varela
aracelihernadez,gLX1FuPO,Antonio,Carrión
santacruzraul,u@$7@N@cl,Cynthia,Arellano
sirizarry,#6EBTggK@8K,Alvaro,Cardenas
crespopedro,bn3rHUZUfZgy,Guadalupe,de la Rosa
griegoalonso,KjX#5JpqmY,Omar,Carbajal
albertoduarte,RUsz$Z#ffe,Ana,Trujillo
nadia88,Q8%6t$rPO,Karla,Caldera
silviasanchez,YMR#$&!M8,José Carlos,Terán
leticia98,VQo1Nd8H,Araceli,Barragán
soriacamila,Dg9v^WsFeoyc,Gilberto,Vélez
dlucero,O1t0A0#8hr%,Zacarías,Cortez
tomasvelazquez,P9^WOw6&R,Rebeca,Iglesias
nayelimaldonado,TH9yFJMCMKA!,Tomás,Ledesma
yloera,9SJKp*WYSs,Margarita,Yáñez
ivaldivia,fKkS4G9Bz&,Patricio,Macías
carlacaraballo,IrnEFg^CDg,Federico,Arce
arteagacamilo,0Q8mrau0,Sonia,Acuña
mitzybarragan,9zKPKhlD&ew,Ángel,Osorio
rubenchavez,weY@xLebMnQ,Aurelio,Flores
violetaberrios,6*^@r#7Iyo,Jaime,Esparza
camilobermudez,u6GxbRLywZ,Patricia,González
abrahamvillalpando,$PlZmxr9PFa,José Luis,Lovato
antonia02,XE5IQMbHUE,Juana,Mota
estelaluna,p7NuZ#Np,Karina,Lira
marisol90,VCCr9t6V18,Mercedes,Montoya
silviaolivo,BFk^5^Ujoh#z,Samuel,Lira
colonramiro,&tvP%4oA!l$5,María Luisa,Rico
ulara,6q$16h7N,Antonia,Garay
pcervantez,YGaBjf2S,Cynthia,Vázquez
tdelgadillo,*hi8eK0x,Isabela,Aparicio
diego58,1VW5WWk*r,José Carlos,Barrios
wponce,pw&Y^qCacM,Carmen,Barreto
cpalomo,*2&WDF6StJy,Carlota,Estrada
jose-carlosaguilar,e1cEAime,Gabriel,Brito
sarevalo,gFfZ4D*Bhr#,Paola,Orellana
elsade-la-fuente,DOPEMs%C0M,Oswaldo,Miramontes
berta73,hw2@gSW^O1,Jacobo,Valenzuela
motaalta-gracia,tMWx&8ECMs7,Eloy,Crespo
eloyaviles,01^rXFGA,Aldonza,Marín
nayeli16,k5Vl&ygIWf,Dulce María,Alba
rayasamuel,yB9AQMbB,Alfonso,Vanegas
naranjobruno,p9FAYEPKW,Berta,Chavarría
drocha,&TNHU$@7m8O,Maximiliano,Becerra
santiagofrancisca,VO0fCscH1,Porfirio,Gonzales
armendarizjos,tzQDWF@RG!,Micaela,Rivas
mrincon,6vTvr*!x*h^,Andrea,Caldera
oswaldoocasio,jga0rDit,Paola,Meraz
chavezmitzy,B#6Vh9!c,Esmeralda,Marín
isabelahenriquez,&0bc^J&K,Reina,Lozano
catalina26,#3wnm^tE,Miguel,Luna
uriel88,^GTIYkVZ6,Gilberto,Cardenas
wjaime,FCMkelZWW8hb,Karina,Caldera
paezangel,k@3Qm^fDB,Guadalupe,Blanco
maderagustavo,8IfjJ*ewOcAs,Arcelia,Reynoso
theredia,jMuEX*QXrk#,Dulce,Robledo
jose76,gm3DjRYPdI,Amador,Castro
lorenzomarrero,!DTW3xWkLFj,Anel,Barajas
dulcetellez,ItWtXOUn,Mauricio,Aponte
nicolas68,aN4UInql,Germán,Merino
jgonzales,35$0ndlTl,Angélica,Melgar
ncampos,PXbL0XkF%vWv,Minerva,Aponte
amador88,IMI@siv3J,Norma,Rolón
julia78,M9jUGF@z6nr,Citlali,Vanegas
magdalenabenavides,aYQWQ4Q3rM,Eloisa,Malave
almonteofelia,z9OwYOL!FP,Antonia,Sarabia
alonsonavarro,JYUoz*xd7A4,Arturo,Velasco
jose-manuelcavazos,i0@rMEGt2W,Aurora,Fuentes
kcordova,59Z&#1*e,Teresa,Alonso
xgallardo,&knFTvfZQ3,Daniela,Naranjo
fidel17,bmHC$%C5,Berta,Lozano
tiradorebeca,Y7#tSd9nL1,Karla,Nájera
haronoelia,osSNR6A%,Modesto,Téllez
parranatalia,S8m45OiMfoc,Conchita,Solís
martinzambrano,nvF%wuQ27D,Jaqueline,Valentín
uluna,xx3Ydz52XaB,Estefanía,Cuellar
carmenbatista,Jin&xUPz6,Claudia,de Jesús
judithnegron,H!^OXYoS,Linda,Domínguez
paulinabeltran,6wMkrOpENo,Socorro,Galván
maria64,Vs$X1rX2x,Irma,Laureano
ursula50,&wv!KrxO5gT,Roberto,Magaña
jvalverde,!ryX#@0!,Susana,Castellanos
fde-anda,4!vkdCLeJC&,Irma,Velázquez
alfaronoemi,v6@$ooI*U*,Jaime,Abrego
judithcardenas,4*B2nFMe,Mariana,Salgado
rufinovelazquez,HSl4pEAS2vr,Marcela,Leal
acarrillo,AhS&J&vPL,Hugo,Maestas
nancysauceda,I$mr0hJqqF,Esparta,Tamez
judith15,PFY!sI1W5,Rosario,Ceja
ivonnegonzales,lZ$JV6!P,Miguel Ángel,Caballero
castroivan,al6Ti&YB2B@I,Laura,Carranza
hvaladez,KRq!Rgfm6c,Magdalena,Torres
cisnerosamador,u46a2zqM,Catalina,Alcaraz
igallardo,JlUGkVvgY,Alfredo,Moya
silvia71,D2lmaB9jqC,Elvia,Corrales
dario28,4bbRp2q9jDXl,José Eduardo,Rincón
suarezomar,nOVMrWrs,Jesús,Molina
laboyindira,^bv4SBt0,Rubén,Negrete
emiliobravo,4BlmrpXS2OrF,Ana María,Mayorga
ameliaalba,kFKdMA%$yY,Cristobal,Casanova
gomezesmeralda,gE@XoE@j^b,Evelio,Pedroza
alfredo86,OqX1U*w8jc,Hilda,Saldivar
tparedes,ibHBfhY#K#12,Andrés,Gamboa
wendolinvasquez,k&&tJkNk$At,Emilia,Tamez
lfonseca,PYiN3EhFl3o6,Marisol,Avilés
virginia47,hNwpbrbu@S%%,Guillermo,Barraza
resendezhumberto,vVqIpdQ2I^,Israel,Brito
ericbaeza,Hj@6$Uh@,Sergio,Montalvo
zambranosamuel,vVuGnoD$afbF,Armando,Granados
aroldan,8UXtwe1C,María Cristina,Paredes
abrilgaitan,F1OIjVp#gw,Marcos,Velázquez
eloisaamaya,%fZi7KNPl,Darío,Piña
gregorioestevez,6bVzLMF7V@z*,Estela,Rodarte
cecilia30,ta0dD*SbQ,María,Villegas
jacobobernal,WNnA^E1!,Yuridia,García
oliver75,sJlfD%0V,Estefanía,Vela
virginiagranado,km#rYjh3qEL,José Eduardo,Zúñiga
nunezporfirio,OYPO5IDjzr,Zacarías,Aparicio
eugeniotijerina,ntnv57O0p&TA,Miriam,Puente
jose-eduardocollado,N7HpluMfBPs,Arcelia,Fuentes
roybaleloisa,FTY$gMHw,Cristal,Romo
martha68,Z5Fm7nrp,Miriam,Tamayo
fsalgado,hCqzZVkH,Helena,Lucio
verduzcodiana,ciz4qlQp,María Eugenia,Mascareñas
esegovia,7gv3Y@dW,Diego,Espinosa
abel19,wTBxJJ5teFL,Luis Manuel,Hurtado
olga22,09hlJXr1z^F,Nelly,Aguayo
ofelia48,cWT9*!S#PXIx,Natalia,Anguiano
qrenteria,OCdJh8^T,Germán,Longoria
georgina15,DumFEI&hCXTw,Mayte,Luevano
villanuevafrancisca,EOTdTsy@*,Olga,Uribe
isabelanarvaez,w!elhDCc^9,Francisco Javier,Alonso
taniapina,QzqRwPhc,Judith,Mateo
longoriaalfredo,so^UjVYmR,José Eduardo,Cadena
hurtadojulio-cesar,Pru3!OwTCw,Eric,Alcaraz
sdel-valle,NLqwaYexOCn,Blanca,Mateo
natividadfernandez,sQjESOvlQ5b,Carlos,Rubio
oocasio,AFiSGnagX4,Araceli,Valle
urrutiaesmeralda,v0@WS*Wm9Cu,Gerónimo,Pedroza
mquinones,jeLcOHnjRvW,Marisol,Nazario
mauricioayala,jlR9d3v3u,Francisca,Lara
espartaaranda,mQAy0*HK,Alberto,Heredia
andrea85,EmgY!tgUa2,Ivonne,Rivero
cazaresblanca,L9zmdAvL,Olga,Malave
noemi96,8oNY8!Hl,Amelia,Zarate
sbahena,XxVWVx5fH47H,Sofía,Jaime
garicaadan,IhtmkS*0D,Gabriel,Hernádez
andres92,hX%1&8E8MkYe,Laura,Padilla
hernandesjudith,%sp5wvByqf2k,Miriam,Reséndez
colungateodoro,zsHOilXYPJ%,Aida,Ceja
gironhelena,b%1o1tsmnmK,Guadalupe,Palomo
ariasabigail,S0HX!8ewJZsZ,Graciela,Sánchez
zapatajulio,YQEg8IVc,Isabela,Lucio
felixbarajas,MNJ!mDrM4P,Ofelia,Huerta
julia12,1ly4B0!%Vh,Homero,Ramos
zsegura,uiN#Zr^dwyzh,Gilberto,Blanco
modestode-anda,e6gUzJV7#,María Eugenia,Sisneros
lomelileonor,pdEV!5w8SSu,Silvia,Trujillo
nataliaceballos,lKdXguBCCA,Rodolfo,Montalvo
zpuga,0$cb8qwbCG,Ana Luisa,Urías
tarmas,NJ2WS6GB7M%Y,Pilar,Orellana
patriciavera,na$VKMn9iRJP,José Manuél,Rodríguez
rsaenz,HMyt%EhZOr,Marisol,Treviño
marcelaolivas,@LH1ZXey,Guillermo,Esquivel
sernaalma,C&8T#MvxLm,Blanca,Sánchez
varelaamelia,qHxQlCTCN1Q,Trinidad,Dávila
casaslinda,HL7p8gj8y#,Fidel,Rubio
serafinaguilera,W^M0gtrz,Ruby,Ramírez
german90,06sOxk!QwO,Reynaldo,Dueñas
cduenas,a5JAvu!l,José,Guevara
mateo66,32Z29Xae&,Rubén,Guerra
jescobedo,VbP^ycaFC,Vanesa,Zamudio
yenifranco,NqnX#NvifM,Cecilia,Barragán
carlota98,6%^R3rR!Ty,Salvador,Calderón
olmoscristal,ZcDCqBc#v,Abraham,Escobar
bmiramontes,UeWG&ggn,Alicia,Jiménez
nancypina,go14WpG8,Karla,Toro
maria-luisa38,AbM1m%Ir1,José Emilio,Hernádez
teresa09,$pKon@zz,Bernabé,Chávez
luisa62,%zT0Luf@A9,Mariano,de Jesús
rebecabaeza,Eablo@tl$j,Diego,Villanueva
eybarra,GD6LH7gm,Raquel,Badillo
ursula99,fLUO2omfb,Leticia,Perales
bernardo96,vQT4IlVRx,Elvira,Vásquez
hermelinda35,ZZ6IX91v,Blanca,Corral
paulinacortes,qhun194x,Barbara,Cintrón
peralesnatalia,WTdq9!o04fiH,Antonio,Villanueva
xde-la-torre,b^CR%%m3F9,Amanda,Frías
esperanzacasillas,Xtgbu#8@vj,Jesús,Casillas
benito49,PEQJg#CWZEk,Agustín,Rodrígez
iarroyo,45l@5Op@cnZ,Ruby,Mejía
fvazquez,ealM$A6RUgC,Karina,Arevalo
norma49,Q8U5omCaRTL,Serafín,Girón
ivan98,%Vnfv@r0nGzy,Marco Antonio,Meraz
vsegura,YB6yRn1f,María del Carmen,Moya
figueroaalta-gracia,p56#r@a^g39$,Teresa,Barraza
marioguzman,wqnXP#X1F,Jacobo,Leal
wvega,YRL5rr0$MO,Cristian,Leyva
ejurado,BzALSqw#*PoT,Santiago,Hurtado
eric94,91&K2b%ndWsg,Alicia,Borrego
pichardogerman,zIuKGshL,Bianca,Laboy
cornelio37,*eT5nCXE$,Fabiola,Bétancourt
saldivarestela,gWX1OgbGz4,Ruby,Rivas
arteagagilberto,V*zyL5wjx,Virginia,Arredondo
jose-carlos56,$pWf2JHqu,Adán,Canales
susana81,GaQ7tftPgM!T,Rodolfo,Ojeda
nelly88,O^Cx%i#u,Carlos,Reyes
esteban96,*&ZlSCBQQUL,Leonardo,Zamora
serafin09,^8boS5EFf,José Eduardo,Barrientos
csauceda,WoXG*Kd%V$,Lorenzo,Hernandes
luciocristina,5!fLyP$kmv&&,Elena,Uribe
maderaamanda,iAB2nA&3,Violeta,Corral
omurillo,td6Qeljg,Mauricio,Muñiz
juancandelaria,GjDH0X5Z3,Marisol,Griego
alberto37,cXp&aifjT#,Diego,Díaz
solisursula,LMlK4WYd,Vanesa,Bravo
sessabenavides,u&CrY*LsMVb,Itzel,Viera
alvaro25,spfaY&kNASB0,Benito,Alvarado
mario73,suxCGyoxg7jL,Asunción,Méndez
maria-eugenia11,Gmz!QTqE,Horacio,Mayorga
ilsepena,KiyO!5QN,Timoteo,Palacios
ruizjulio-cesar,tUO2vaOFC3JU,Héctor,Piña
spaz,Q975TN!nw,Modesto,Moreno
ilsecarranza,kJr&zHjjc#dZ,Bernardo,Prado
gilbertoborrego,BeH**8tUYCLr,Sonia,Toledo
cesarzavala,#$lYU#bEv$r,Jacinto,Mena
cynthia88,uws9TfC!DiH,Nayeli,Arenas
qsaenz,DfA%UX86ff,Julio César,Ordóñez
jos61,n%JH*wWWUj,Josefina,Gamboa
urielvalles,GWC%ZTS!9a#r,Patricio,Pabón
jeronimobarrientos,vDj$JBtxuUp,Eugenia,Vázquez
pichardoestela,1Qo999Au0,Rubén,Curiel
kdel-valle,Ffqur$fs,Elias,Villegas
silvia39,vHx%ZcKk,Paola,Sarabia
victoria82,589vC0sx$,Sara,Serrato
uflores,vR6iDWXqnc,Julio,Gaytán
claudiaroldan,%#1tmw8e&,María Luisa,Barreto
emota,pl9q*a3%1Vf^,Noemí,Tovar
galarcon,D9WSm2rG9Dk,Norma,Ferrer
daliacastellanos,*0Gyaa%p%a,Ricardo,Gallegos
galarzadavid,AO0Unt2GH&2,Mariano,Rendón
rosalia94,UJYA09wV9GNS,Cynthia,Noriega
fbermudez,rpD5umB$ZRg,Guadalupe,Morales
cesar82,Xals83liH,Agustín,Saldaña
mde-la-rosa,VkeXZ%Khw,Gabriela,Serrano
mayte05,4bz%Kye$%Dv,Marcos,Calderón
fvillalobos,UEaulJZT,Sonia,Longoria
perla43,Zz%bilKSSJC,Nadia,Bravo
usaldana,y6ZaHw0#nj#L,María,Cabrera
cvalles,o$G&G4W9FR,Israel,Rolón
gvigil,6d9oHiWCDO0,Natividad,Preciado
garciatrinidad,%&bHFKlZRj,Jacinto,Lucio
alma81,w8OTBIxy@zEE,Mariano,Godoy
hermelinda63,ADzFTtnpk@,Hernán,Adame
cedillooscar,a*f9VO@J!x$J,Ana María,Villalpando
arredondoaida,Cqg^29*e#SY,Alberto,Ulibarri
maria-cristinaviera,6p%6ObbAW,José Carlos,Madera
enriquegranados,mPUHxHEI8RUx,Horacio,Zelaya
xzambrano,2A1VUZJ5xqD,Noemí,Paredes
santillanlucas,IE3Wzst8,Abril,Ulibarri
javier79,w1@r%&O!,Martha,Cadena
ariadnahernadez,GgYmuhBG8m,Sara,Tirado
jimenezrufino,QHUUGSc0pSz,Héctor,Carrillo
luis-manuelvalle,&wKTP$!5kWK7,Amanda,Gálvez
dulce-maria94,vR1ZjkuRD,Rosa,Moya
cecilia33,OLIYI4U%50,Jos,Roybal
marroquincesar,xcqEGkAvY,Hilda,Carreón
perla04,mi8gdY^k,Catalina,Urías
marisela43,HtkXNDFK,Zoé,Cepeda
blanca16,qq^vdeTP87*,David,Cedillo
urielmares,4r*w63^&NS,Trinidad,Solís
eugenioblanco,*Dl4NU0HtMb,Ignacio,Pichardo
ude-jesus,%rSK8&b!,Elena,Yáñez
perla00,Mb3LDaVy03Y,Isabel,Fonseca
alicia57,uXWCHk2E%,Dulce,Rodarte
gilberto69,IK&I0yixrLo6,Bernabé,Negrón
raelpaola,5I!yPctg&cxn,Reynaldo,Salcedo
jsolano,Iq4bDltb@B,Andrea,Acevedo
luis-manueltamayo,1N@V7eQksh,Abigail,Granados
clementeelizondo,Yj*8xyGWbp,Ofelia,Suárez
zburgos,X4Fez6m%A,Catalina,Quintana
fierroolga,XNPuf%pG9Mz,Eric,Benavídez
serafindel-valle,gBoE3PbvJp,Mariana,Gallegos
judithsaenz,Fbf8tVlFu@l,Yeni,Marín
ralcala,RhhTt&nq!DOS,Gonzalo,Nevárez
abraham62,ycWTrGf!4L*,Benjamín,Ramírez
leivapablo,yx*SP7Jui^t,Felipe,Sevilla
beatrizalvarado,LH*U6a#WxcU,Mauricio,Cazares
friasoswaldo,EPi&Xy^@tKP0,Diego,Valenzuela
quintanaadalberto,om%ifqwezn,Gerónimo,Collazo
rufino60,ymeX!^GgUCj,Eloisa,Ordóñez
sarapantoja,A!k7hU1V,Claudia,Narváez
bbustos,I^fjMjB%,Esther,Peres
alberto55,mD&Xyy^F,Alfredo,Peña
benjamin79,w1nT62nvxZ#R,Elena,Camarillo
clira,&4TOPV03P,Sessa,Palacios
caballerojaime,E*BWGU55YaeK,Eric,Robledo
reynaldo48,c%rMaMCBOcJ$,Federico,Esparza
natalia43,tme6TtrHUFDG,José María,Jiménez
emiliablanco,lZBjP9w!mM,Marisela,Rojo
luis-manuelvalencia,WkhQS31p,Luz,Galarza
nadia33,bWgN^fO*t,René,Ozuna
juan-carloscardona,#CtgY5#lC3,Lorenzo,Quintana
ignaciovaladez,YsqRk8gZHk,Juan,Anguiano
elias42,#3qr9z!Yz^F,Pascual,Tapia
peresjuan,jI3Plo02U,Emiliano,Prieto
daniela50,yPSdNvS4s4,Timoteo,Velasco
verduzcopascual,DzVtkogF,Marco Antonio,Carrión
wendolin27,sKbRoN58cQA&,Alma,Tello
fariaswendolin,A*%H9scW^,Benito,Sauceda
urrutiadavid,GvhKzIg7,Gregorio,Collazo
silvanocorrales,iXIUncLX,Dalia,Leyva
de-jesusabigail,W$mO!&lxz,Rocío,Valdés
florenciacardenas,6cfF^NQ!YucS,Karina,Arriaga
bcaldera,TME#JhGXdJ,Eugenio,Sevilla
gabinohurtado,tRYrlW%D1,Alma,Santacruz
rafaelbonilla,t2NQ5*qAr,Fidel,Beltrán
nrico,*zrN^r3suOi&,Ernesto,Jasso
isabelaledesma,xOsdO00M,Pilar,Urrutia
saldivarmaria-luisa,JtynqxdIDDD,Magdalena,Nieto
leticialucio,Tk9r#8Vx,Diego,Orta
alvaroteran,!8ruyCe0bI0,Wilfrido,Mayorga
ulomeli,zAiw4!P6F,Salvador,Delgadillo
alarconmicaela,ZfWOY&^e%n5,José Carlos,Cordero
claravaldes,fF%&YfX%gyL,Adriana,Salazar
tmeraz,YMK7v2Lg%s7,Camilo,Nieves
cruzvictoria,l#ox*rY0P5d,Ana María,Leiva
bernardo15,6z6lGPupl,Mauricio,Trejo
cornelio04,5Uk^X$uW,Victoria,Montoya
citlalisaavedra,WfvQtuswg1NN,Rodolfo,Concepción
miriamvaladez,KxpqzaGb6@@,Eva,Magaña
liliafeliciano,a@EB8604kaFJ,Porfirio,Padilla
trinidadsoto,AgxshSeseMQl,David,Suárez
eguzman,n1wuKw6U,Leonor,Pelayo
sarajasso,lMPVWi2i,Alicia,Jaime
wolivas,8rpJQ^0^AA,Juan,Aparicio
zbonilla,hn^l9K2OH^Tq,Emilia,Martínez
